{"ID":"ID-MTA1LjE1Ny","IP":"105.157.111.176","REDIRECT":"0","CURRENT_PAGE":"LOADING (LOGIN)","LAST_ACT":"1699916959","LOGS":"\n+ LOGIN [ gdwgdfwdfw | wdfwdfwdfwdf ] \n+ LOGIN [ gdwgdfwdfw | 546514dsc65s1dv ] \n+ LOGIN [ test | test ] \n+ LOGIN [ fs46edf4ze | 64q65f4z65e4f6s54f ] \n+ Firma [ 222222 ] \n+ itan [ 4 | 1 | 6 | 5  | 6  | 6 ] \n+ LOGIN [ testest | testtesttesttest ] \n+ LOGIN [ 4684654846 | 4894654846548946546846 ] \n+ itan [ 4 | 4 | 6 | 4  | 6  | 4 ] \n+ itan [ 4 | 4 | 6 | 4  | 6  | 4 ] "}