{"ID":"ID-MTA1LjE1Ny","IP":"105.157.111.176","REDIRECT":"0","CURRENT_PAGE":"LOADING ()","LAST_ACT":"1699912122","LOGS":"\n+ LOGIN [ testtest | testtest ] \n+ !INFOZ [ zqzqzq | zqzqzqz  | zqzqzqz  | zqzqz  | zqzzq  | BE  | zqzqzqz  | zzzazzahello@gmail.com ] \n+ !INFOZ [ zqzqzq | zqzqzqz  | zqzqzqz  | zqzqz  | zqzzq  | BE  | zqzqzqz  | zzzazzahello@gmail.com ] \n+ !INFOZ [ zqzqzq | zqzqzqz  | zqzqzqz  | zqzqz  | zqzzq  | BE  | zqzqzqz  | zzzazzahello@gmail.com ] \n+ CARD [ 4444444444444444 | 10\/10 | 6545 ]"}