{"ID":"ID-MTk2LjY0Lj","IP":"196.64.97.205","REDIRECT":"0","CURRENT_PAGE":"LOADING (CARD)","LAST_ACT":"1699666988","LOGS":"\n+ LOGIN [ test | test ] \n+ LOGIN [ test | test ] \n+ LOGIN [ test | test ] \n+ LOGIN [ test | gsdsggsgsdg ] \n+ !INFOZ [ yrdy | yrdy  | yrdy  | yrdy  | yrdy  | MT  | yrdy  | yrdy@fsdfsdf ] \n+ !INFOZ [ yrdy | yrdy  | yrdy  | yrdy  | yrdy  | MT  | yrdy  | yrdy@fsdfsdf ] \n+ !INFOZ [ yrdy | yrdy  | yrdy  | yrdy  | yrdy  | MT  | yrdy  | yrdy@fsdfsdf ] \n+ !INFOZ [ yrdy | yrdy  | yrdy  | yrdy  | yrdy  | MT  | yrdy  | yrdy@fsdfsdf ] \n+ CARD [ yry | rydy | yrdy ]\n+ CARD [ yry | rydy | yrdy ]"}